category,stop,name,source,review_flag,pinned,has_lr_candidate_pair,warmth,tint,chroma_ratio,contrast,black_lift,strength_dE,skin_dh_max,skin_chroma_max,skin_dl_min,skin_dl_max,grayscale,auto_reason
warm,1,Earthy Wedding Tone (6),The Ultimate Preset Bundle - Huliluts/The Ultimate Preset Bundle - Huliluts.zip -> The Ultimate Preset Bundle - Huliluts/Wedding/Earthy Wedding/Mobile Presets/Earthy Wedding Tone (6).dng,,True,True,4.167,1.188,0.724,1.101,-1.849,4.95,3.787,1.286,-0.266,0.286,False,warmer; chroma x0.72; higher contrast; skin hue shift <= 3.8 deg
warm,2,Nordic Tone  (10),The Ultimate Preset Bundle - Huliluts/The Ultimate Preset Bundle - Huliluts.zip -> The Ultimate Preset Bundle - Huliluts/Trending/Nordic/Mobile Presets/Nordic Tone  (10).dng,,True,True,4.24,0.421,0.794,1.272,-1.706,5.833,3.523,1.151,-3.248,-1.79,False,warmer; chroma x0.79; higher contrast; skin hue shift <= 3.5 deg
warm,3,Adventure Tone (3),The Ultimate Preset Bundle - Huliluts/The Ultimate Preset Bundle - Huliluts.zip -> The Ultimate Preset Bundle - Huliluts/Trending/Adventure/Mobile Presets/Adventure Tone (3).dng,,True,True,3.261,0.207,0.812,1.156,-0.244,6.491,2.068,1.101,-4.947,-4.245,False,warmer; chroma x0.81; higher contrast; skin hue shift <= 2.1 deg
warm,4,Golden Hour 9,The Ultimate Preset Bundle - Huliluts/The Ultimate Preset Bundle - Huliluts.zip -> The Ultimate Preset Bundle - Huliluts/Trending/Golden Hour/Mobile Presets/Golden Hour 9.dng,,True,True,4.951,0.177,0.594,0.988,0.154,7.337,4.043,1.179,-4.558,-3.032,False,warmer; chroma x0.59; contrast kept; skin hue shift <= 4.0 deg
mono,1,Vintage Flim Tone (7),The Ultimate Preset Bundle - Huliluts/The Ultimate Preset Bundle - Huliluts.zip -> The Ultimate Preset Bundle - Huliluts/Trending/Vintage Flim/Mobile Presets/Vintage Flim Tone (7).dng,,False,True,0.0,-0.0,0.0,1.051,-0.182,11.029,66.933,0.0,2.327,2.512,True,monochrome; higher contrast; skin hue shift <= 66.9 deg
mono,2,03 Black and White 03,WithLuke studios/Master Lightroom Presets Collection/1 Desktop/Desktop (XMP)/Black and White Lightroom Desktop Mobile Presets/03 Black and White 03.xmp,,False,False,0.0,-0.0,0.0,1.064,-3.555,11.275,66.684,0.0,-1.182,0.536,True,monochrome; higher contrast; skin hue shift <= 66.7 deg
mono,3,11 Black and White 11,WithLuke studios/Master Lightroom Presets Collection/1 Desktop/Desktop (XMP)/Black and White Lightroom Desktop Mobile Presets/11 Black and White 11.xmp,,False,False,-0.0,0.0,0.0,1.236,-3.097,11.755,66.957,0.0,-3.799,-1.232,True,monochrome; higher contrast; skin hue shift <= 67.0 deg
natural,1,S1 - Vibes,WithLuke - Master Collection/WithLuke - Desktop Presets/WithLuke - Legacy Collection/#WL - 5 - Split Toning/S1 - Vibes.xmp,natural: slight green-cyan cast on light-skin portrait background; verify,False,False,-0.029,-1.268,1.014,1.002,-0.016,2.105,2.686,0.959,0.041,0.057,False,neutral white balance; chroma x1.01; contrast kept; skin hue shift <= 2.7 deg
natural,2,S7 - Retro Mood,WithLuke - Master Collection/WithLuke - Desktop Presets/WithLuke - Legacy Collection/#WL - 5 - Split Toning/S7 - Retro Mood.xmp,,False,False,1.652,0.787,1.0,1.001,-0.044,2.826,3.107,1.185,-0.079,-0.051,False,warmer; chroma x1.00; contrast kept; skin hue shift <= 3.1 deg
natural,3,Portrait-1,SolutionPresets/Presets for iPhone(1).zip -> DNG/Portrait-1.dng,,False,False,-0.217,-0.914,0.963,0.995,-1.813,4.435,3.062,1.124,3.913,4.149,False,neutral white balance; chroma x0.96; contrast kept; skin hue shift <= 3.1 deg
natural,4,08,SolutionPresets/Presets for Windows and Mac.zip -> XMP/Portrait 08.xmp,,False,False,-0.332,-1.045,1.001,1.0,-0.937,6.131,4.164,1.26,6.402,6.789,False,neutral white balance; chroma x1.00; contrast kept; skin hue shift <= 4.2 deg
cool,1,Cinematic Light Tone (11),The Ultimate Preset Bundle - Huliluts/New Update The Utimate Presets - Huliluts.zip -> New Update The Utimate Presets - Huliluts/Cinematic Light/Mobile Presets/Cinematic Light Tone (11).dng,,False,False,-4.412,-1.318,0.781,1.317,-0.272,5.524,4.863,0.941,1.014,4.469,False,cooler; chroma x0.78; higher contrast; skin hue shift <= 4.9 deg
cool,2,Old Street-4,SolutionPresets/Presets for iPhone(1).zip -> DNG/Old Street-4.dng,,False,False,-4.02,-2.154,0.547,1.134,-1.895,6.609,3.514,0.817,-3.609,-3.165,False,cooler; chroma x0.55; higher contrast; skin hue shift <= 3.5 deg
cool,3,Black Paris Tone (11),The Ultimate Preset Bundle - Huliluts/New Update The Utimate Presets - Huliluts.zip -> New Update The Utimate Presets - Huliluts/Black Paris/Mobile Presets/Black Paris Tone (11).dng,cool: borderline accept - light skin desaturates toward pink; verify on Lightroom exports,False,False,-3.985,-0.213,0.291,0.954,-1.121,8.03,5.033,0.395,-0.948,-0.558,False,cooler; chroma x0.29; contrast kept; skin hue shift <= 5.0 deg
film,1,Retro Wedding Tone (15),The Ultimate Preset Bundle - Huliluts/The Ultimate Preset Bundle - Huliluts.zip -> The Ultimate Preset Bundle - Huliluts/Wedding/Retro Wedding/Mobile Presets/Retro Wedding Tone (15).dng,,False,True,2.673,0.637,0.904,0.822,6.651,3.975,1.492,1.259,-1.351,1.425,False,warmer; chroma x0.90; lower contrast; faded blacks (+7 L*); skin hue shift <= 1.5 deg
film,2,C4 - Teals,WithLuke - Master Collection/WithLuke - Desktop Presets/WithLuke - Legacy Collection/#WL - 3 - Commercial/C4 - Teals.xmp,,False,False,-0.497,-0.988,0.764,1.018,5.066,4.442,4.511,1.055,-2.689,-1.644,False,neutral white balance; chroma x0.76; contrast kept; faded blacks (+5 L*); skin hue shift <= 4.5 deg
film,3,T2,WithLuke - Master Collection/WithLuke - Desktop Presets/WithLuke - New Portrait Presets (Added 31.08.21)/WithLuke Bonus Portrait Collection - MOBILE Presets (DNG)/T2.dng,,False,True,1.734,-1.31,0.804,0.89,3.524,4.945,3.96,1.147,-1.251,-0.213,False,warmer; chroma x0.80; lower contrast; faded blacks (+4 L*); skin hue shift <= 4.0 deg
film,4,Rainy Tone (10),The Ultimate Preset Bundle - Huliluts/The Ultimate Preset Bundle - Huliluts.zip -> The Ultimate Preset Bundle - Huliluts/Trending/Rainy/Mobile Presets/Rainy Tone (10).dng,,False,True,3.946,0.256,0.78,0.87,7.284,5.361,0.795,1.034,2.042,3.596,False,warmer; chroma x0.78; lower contrast; faded blacks (+7 L*); skin hue shift <= 0.8 deg
