filename,source_url,photographer,license,sha256
backlit_02.jpg,https://unsplash.com/photos/a-woman-standing-in-a-field-looking-at-the-sun-9nmReTKwQ3U,Alice Kotlyarenko,Unsplash License,97248842077359183ec42cdd9802bbe4f43209308cdbc849678e482c4e3d2dbc
backlit_02_thumb.jpg,https://unsplash.com/photos/a-woman-standing-in-a-field-looking-at-the-sun-9nmReTKwQ3U,Alice Kotlyarenko,Unsplash License,2266bf296b59bcb1132e1dbddd0d7a6f2df976339577d949ba7c2b99c616e6e7
landscape_01.jpg,https://unsplash.com/photos/seceda-mountains-in-ortisei-italy-hOhlYhAiizc,Daniela Kokina,Unsplash License,14df95ecc298e9783178ec912c18f8653898697546994a20d1aacc81183441fd
landscape_01_thumb.jpg,https://unsplash.com/photos/seceda-mountains-in-ortisei-italy-hOhlYhAiizc,Daniela Kokina,Unsplash License,36bbd0d31a85c29c3242b04eddb00c5b981b5a3afde20fba1423cb500997941d
landscape_02.jpg,https://unsplash.com/photos/white-mountain-near-body-of-water-Q5dMq3cKqec,Pietro De Grandi,Unsplash License,8ea8be26e9e9682010d0f67ebb9254c120c4b1f659dc1ce019932ed6c9d5012d
landscape_02_thumb.jpg,https://unsplash.com/photos/white-mountain-near-body-of-water-Q5dMq3cKqec,Pietro De Grandi,Unsplash License,87462e2c9cc03ddc3fe3ddaf15bac09962d7035e7d393aa62969e01db40f7751
landscape_03.jpg,https://unsplash.com/photos/green-grass-field-with-green-trees-under-white-clouds-and-blue-sky-during-daytime-ua0SnGdN-m8,Cédric VT,Unsplash License,39885bba31e74214c13a35ccb11121e93f2a85e8738101cde380b47a0cfa3884
landscape_03_thumb.jpg,https://unsplash.com/photos/green-grass-field-with-green-trees-under-white-clouds-and-blue-sky-during-daytime-ua0SnGdN-m8,Cédric VT,Unsplash License,d773fbebba818aa8e674bbe05029294d60a3754d2848ac9be08050f11a7eceee
night_03.jpg,https://unsplash.com/photos/two-people-sitting-at-a-bar-in-a-dimly-lit-room-Pn_2NepY8cI,Klara Kulikova,Unsplash License,df0562475004b925cd0f9bd5e10bf016503f702d28599ebe7ae92fb8fca1e3d8
night_03_thumb.jpg,https://unsplash.com/photos/two-people-sitting-at-a-bar-in-a-dimly-lit-room-Pn_2NepY8cI,Klara Kulikova,Unsplash License,ec295d471173372a37a1ac900bec3c02bf5bf3fc098a9634a3abc820ab67cd68
portrait_deep_02.jpg,https://unsplash.com/photos/selective-focus-of-man-smiling-during-daytime-2EGNqazbAMk,Elizeu Dias,Unsplash License,7f8838c186f59c853cda3d51a60680f0ab545e94e35ed48a66e0092eed7b8493
portrait_deep_02_thumb.jpg,https://unsplash.com/photos/selective-focus-of-man-smiling-during-daytime-2EGNqazbAMk,Elizeu Dias,Unsplash License,b3000dc325fccf2856ce021635c7189e56f605af6c8431b91915f1374dc2e636
portrait_deep_03.jpg,https://unsplash.com/photos/man-wearing-red-v-neck-shirt-close-up-photography-GntSiIMHyVM,Dorrell Tibbs,Unsplash License,bcf5e5576ea8fa9f581a9676111638627fa0635c23dd65fa6cca7f7b395399fb
portrait_deep_03_thumb.jpg,https://unsplash.com/photos/man-wearing-red-v-neck-shirt-close-up-photography-GntSiIMHyVM,Dorrell Tibbs,Unsplash License,f5d9695355559a90d8bd50babc28705349689c856a08e1553411a1a7c97af524
portrait_light_01.jpg,https://unsplash.com/photos/woman-in-black-shirt-smiling-lNNHyRbmm0o,Jorik Kleen,Unsplash License,588c9406f5ef716efd62ce176b6a1a2a84a4152292224242f5f24a58ec5e42da
portrait_light_01_thumb.jpg,https://unsplash.com/photos/woman-in-black-shirt-smiling-lNNHyRbmm0o,Jorik Kleen,Unsplash License,c841ba93e6157cd0fb822e7b06c8b489fa1113515c74a0a9562a1b7713d5c032
portrait_medium_02.jpg,https://unsplash.com/photos/woman-in-white-and-red-shirt-vp9mRauo68c,,Unsplash License,d1d81f354f9ec0232dd185a24358fafbe97dc45c49e6d438f52b6ae50ab75985
portrait_medium_02_thumb.jpg,https://unsplash.com/photos/woman-in-white-and-red-shirt-vp9mRauo68c,,Unsplash License,90beadad9fa86b0c5e2dd865a66f8d90a0560115d406285148310a8dad4d6d1b
sunset_02.jpg,https://unsplash.com/photos/trees-under-cloudy-sky-during-sunset--G3rw6Y02D0,Dawid Zawiła,Unsplash License,a3c539178fba6dff305eb8abe9fb2c718d514ba837ae202538075e7e660be546
sunset_02_thumb.jpg,https://unsplash.com/photos/trees-under-cloudy-sky-during-sunset--G3rw6Y02D0,Dawid Zawiła,Unsplash License,c243fe4682c25bb9849bf6fcd81cd79d5be8faf8ceb6af2fba0c0bacd3ab3e1f
sunset_03.jpg,https://unsplash.com/photos/low-sun-over-calm-ocean-AksmkMQTdik,Martin Franco,Unsplash License,d8668e55e5a0d6496345fae02969e3b5ec57a84f37a148f314e098158c3dcdac
sunset_03_thumb.jpg,https://unsplash.com/photos/low-sun-over-calm-ocean-AksmkMQTdik,Martin Franco,Unsplash License,23053d823c7e2add061e53538ddedad212f7c9317011830569af618249195ce0
wellexposed_02.jpg,https://unsplash.com/photos/a-street-with-houses-and-trees-on-both-sides-rlxo_XrKb6k,Mykyta Kravčenko,Unsplash License,ab4b61c1d97358b7001d2d9ca91dab95701db256293ebf8861f63f0f36d2afef
wellexposed_02_thumb.jpg,https://unsplash.com/photos/a-street-with-houses-and-trees-on-both-sides-rlxo_XrKb6k,Mykyta Kravčenko,Unsplash License,2f8f1a76bd9d41e2492ba19842c37157d7c6bcb5f02ba96928cda218b2a5def2
wellexposed_03.jpg,https://unsplash.com/photos/assorted-color-buildings-KnvWL12-28Y,Gary Butterfield,Unsplash License,f702564ebfcad473f9836e03e4dfd7295807f29fc7c5c6bd2440bb741e91eb7b
wellexposed_03_thumb.jpg,https://unsplash.com/photos/assorted-color-buildings-KnvWL12-28Y,Gary Butterfield,Unsplash License,dafd25358cc204d7719216f32a74cc9cff4008a0a5d94e61706f99ea86fe6989
