filename,category,source,photo_page_url,download_url,photographer,license,width,height,icc_profile,sha256,notes
portrait_light_01.jpg,portrait_light,unsplash,https://unsplash.com/photos/woman-in-black-shirt-smiling-lNNHyRbmm0o,https://images.unsplash.com/photo-1604072366595-e75dc92d6bdc?w=3000&q=85&fm=jpg,"Jorik Kleen",Unsplash License,3000,4500,"sRGB IEC61966-2.1",8212826475517cc83357c51ec3a845b1a7efa2e26b3040a83ebb711160249312,"Lighter skin; soft natural light, mild warm tone"
portrait_light_02.jpg,portrait_light,unsplash,https://unsplash.com/photos/woman-with-blonde-hair-and-brown-eyes-HT4_9PrlwVg,https://images.unsplash.com/photo-1598461947262-153e592d4e72?w=3000&q=85&fm=jpg,"Rachel McDermott",Unsplash License,3000,4500,"sRGB IEC61966-2.1",2a7f48676f4e14f7c961cca82faff3b4e519e53a55d7e07b93e46df2935dcbc4,"Lighter skin; bright airy close-up, slightly high-key"
portrait_medium_01.jpg,portrait_medium,unsplash,https://unsplash.com/photos/a-young-girl-with-a-smile-on-her-face-uYff1iv7Yjw,https://images.unsplash.com/photo-1674278882093-3870ef98e826?w=3000&q=85&fm=jpg,"Razib Hossain",Unsplash License,3000,4500,"sRGB IEC61966-2.1",4831916923cda712ac7c709aaa35cc162ad80294e747611f3253cf7e10375864,"Medium-brown skin (South Asian girl); outdoor daylight, natural"
portrait_medium_02.jpg,portrait_medium,unsplash,https://unsplash.com/photos/woman-in-white-and-red-shirt-vp9mRauo68c,https://images.unsplash.com/photo-1589156191108-c762ff4b96ab?w=3000&q=85&fm=jpg,"",Unsplash License,3000,4509,"sRGB IEC61966-2.1",7710ee4270c2f2396810fa26c52d74d2bec930929b7c8f13e765c0f8c5b5b545,"Medium-brown skin; overcast street, neutral; found via black-woman search"
portrait_deep_01.jpg,portrait_deep,unsplash,https://unsplash.com/photos/a-woman-with-an-afro-is-looking-at-the-camera-xmSWVeGEnJw,https://images.unsplash.com/photo-1632765854612-9b02b6ec2b15?w=3000&q=85&fm=jpg,"",Unsplash License,3000,4514,"sRGB IEC61966-2.1",1b74ea692f55b2a766798e8dc468b488a1254fcff41e91f435264fafab5ed48a,"Deep skin; neutral grey backdrop, soft light"
portrait_deep_02.jpg,portrait_deep,unsplash,https://unsplash.com/photos/selective-focus-of-man-smiling-during-daytime-2EGNqazbAMk,https://images.unsplash.com/photo-1522529599102-193c0d76b5b6?w=3000&q=85&fm=jpg,"Elizeu Dias",Unsplash License,3000,2000,"sRGB IEC61966-2.1",572635d12b83093d54d22d6e446d055e2c56ca9a2b9ae611d12f0288cf37a558,"Deep skin; outdoor daylight, smiling, busy background"
portrait_deep_03.jpg,portrait_deep,unsplash,https://unsplash.com/photos/man-wearing-red-v-neck-shirt-close-up-photography-GntSiIMHyVM,https://images.unsplash.com/photo-1565884280295-98eb83e41c65?w=3000&q=85&fm=jpg,"Dorrell Tibbs",Unsplash License,3000,4500,"sRGB IEC61966-2.1",8d82056f92a1da06567012c87b578f2599d07fb1bd4eed1e1f62c2aab652f001,"Very deep skin; low-key studio, dark background"
night_01.jpg,night,unsplash,https://unsplash.com/photos/cars-on-road-near-brown-concrete-building-during-night-time-B13XuUPUzGs,https://images.unsplash.com/photo-1610278839129-baffdc50a0d1?w=3000&q=85&fm=jpg,"Lawrence Chismorie",Unsplash License,3000,4000,"sRGB IEC61966-2.1",e7a604d3c30e719a4b961d601434da845d5cc26e6b83a3356516a55f47c38679,"City night; wet street, mixed sodium/LED/neon light"
night_02.jpg,night,unsplash,https://unsplash.com/photos/a-cobblestone-street-at-night-with-a-light-on-ra-Dyg0FLUs,https://images.unsplash.com/photo-1701637631154-a86fb780d19d?w=3000&q=85&fm=jpg,"Jan Kopřiva",Unsplash License,3000,4509,"sRGB IEC61966-2.1",6846733776a0923c602611c330b556419c5706e60585abb837301171578b027b,"Low-light cobblestone street under warm street lamp"
night_03.jpg,night,unsplash,https://unsplash.com/photos/two-people-sitting-at-a-bar-in-a-dimly-lit-room-Pn_2NepY8cI,https://images.unsplash.com/photo-1578911489158-334e5cd2a051?w=3000&q=85&fm=jpg,"Klara Kulikova",Unsplash License,3000,4500,"sRGB IEC61966-2.1",a4d8463a82ed5159f5421d2f6b052ebc78088b9ff2d2c69a5688f0cd0fec5022,"Night interior bar; dim, warm practicals, silhouetted people"
backlit_01.jpg,backlit,unsplash,https://unsplash.com/photos/a-man-standing-in-front-of-a-window-PMpDnhLPUn4,https://images.unsplash.com/photo-1732919258508-3fd53a8007b6?w=3000&q=85&fm=jpg,"Jonathan Caliguire",Unsplash License,3000,4491,"sRGB IEC61966-2.1",a6556db7a3b3b379aa99f6ccde7e610f95ab8c15af8250fc6b37d3bcd43605a7,"Man against bright curtained window; face in shadow"
backlit_02.jpg,backlit,unsplash,https://unsplash.com/photos/a-woman-standing-in-a-field-looking-at-the-sun-9nmReTKwQ3U,https://images.unsplash.com/photo-1632776088367-d0709928731e?w=3000&q=85&fm=jpg,"Alice Kotlyarenko",Unsplash License,3000,2000,"sRGB IEC61966-2.1",b01573f13851023d92927c137c89854661e92d6b60aeac83058f749efc0f40d3,"Figure in field with sun in frame through trees; flare"
backlit_03.jpg,backlit,unsplash,https://unsplash.com/photos/person-in-silhouette-against-bright-sky-di2xmEB9T1I,https://images.unsplash.com/photo-1786520983708-55a9fb4d9fec?w=3000&q=85&fm=jpg,"Zulfugar Karimov",Unsplash License,3000,2000,"sRGB IEC61966-2.1",c45381d46b20f2e55bbba60c7ff1d177d997253efd90aa11f870d2939c53247a,"Woman profile against bright sky; shadowed face, rim light"
sunset_01.jpg,sunset,unsplash,https://unsplash.com/photos/sea-under-white-clouds-at-golden-hour--IMlv9Jlb24,https://images.unsplash.com/photo-1503803548695-c2a7b4a5b875?w=3000&q=85&fm=jpg,"Sebastien Gabriel",Unsplash License,3000,2000,"sRGB IEC61966-2.1",6e258d24552768babc6dfa6b5e4191bb0c943e9120ea1526d5a8141c61614d55,"Sun over sea, warm orange/pink clouds"
sunset_02.jpg,sunset,unsplash,https://unsplash.com/photos/trees-under-cloudy-sky-during-sunset--G3rw6Y02D0,https://images.unsplash.com/photo-1470252649378-9c29740c9fa8?w=3000&q=85&fm=jpg,"Dawid Zawiła",Unsplash License,3000,2000,"sRGB IEC61966-2.1",ca9dc8dd220cc7e60b9e64eda4da1caad6fe6f17f87792226b1c98302a855e9e,"Sun low over misty meadow with trees; sun in frame"
sunset_03.jpg,sunset,unsplash,https://unsplash.com/photos/low-sun-over-calm-ocean-AksmkMQTdik,https://images.unsplash.com/photo-1536890274788-51861e124205?w=3000&q=85&fm=jpg,"Martin Franco",Unsplash License,3000,2000,"sRGB IEC61966-2.1",e3379e57c9645851b8b0edd861feeffdffd3f3fa4da607c9eb4df64ff8a9131f,"Sun on horizon over calm ocean; saturated orange clouds"
landscape_01.jpg,landscape,unsplash,https://unsplash.com/photos/seceda-mountains-in-ortisei-italy-hOhlYhAiizc,https://images.unsplash.com/photo-1615729947596-a598e5de0ab3?w=3000&q=85&fm=jpg,"Daniela Kokina",Unsplash License,3000,4500,"Display P3",b45f8dac1c7585b9323b496f0d847e96578ca41f74dece095e9464b7da20e8ab,"Seceda Dolomites; ridge, wildflowers, bright sky"
landscape_02.jpg,landscape,unsplash,https://unsplash.com/photos/white-mountain-near-body-of-water-Q5dMq3cKqec,https://images.unsplash.com/photo-1501786223405-6d024d7c3b8d?w=3000&q=85&fm=jpg,"Pietro De Grandi",Unsplash License,3000,4500,"sRGB IEC61966-2.1",f5e8e799eab9db50f28088de1448bfbfeafed21737fc570c23efe34dd8b318d9,"Mountain lake with pines; daylight"
landscape_03.jpg,landscape,unsplash,https://unsplash.com/photos/green-grass-field-with-green-trees-under-white-clouds-and-blue-sky-during-daytime-ua0SnGdN-m8,https://images.unsplash.com/photo-1596987851982-3b90e09ab4ac?w=3000&q=85&fm=jpg,"Cédric VT",Unsplash License,3000,2000,"sRGB IEC61966-2.1",f424094cfde59692187cd43ebeddc53fedbead2dc5832e2c4d97136b8e05be52,"Green field, tree line, cumulus sky; daylight"
wellexposed_01.jpg,wellexposed,unsplash,https://unsplash.com/photos/tall-buildings-line-a-wide-city-street-with-blue-sky-rzcK5CPpmuc,https://images.unsplash.com/photo-1663340549279-ad59ab0751fd?w=3000&q=85&fm=jpg,"Filipe Freitas",Unsplash License,3000,3750,"sRGB IEC61966-2.1",dacb862f6b98d8fe7c74b553fb101924fb3095cf145401680444db64b22713be,"NYC avenue, blue sky, balanced daylight"
wellexposed_02.jpg,wellexposed,unsplash,https://unsplash.com/photos/a-street-with-houses-and-trees-on-both-sides-rlxo_XrKb6k,https://images.unsplash.com/photo-1682376681621-a5a7ec85109f?w=3000&q=85&fm=jpg,"Mykyta Kravčenko",Unsplash License,3000,1989,"Adobe RGB (1998)",f8f3d44c7cfc8d6a083c83c292c5b9c948c4b6e2b9e0ee163393ac6a67dfbaa6,"Tree-lined residential street, natural daylight"
wellexposed_03.jpg,wellexposed,unsplash,https://unsplash.com/photos/assorted-color-buildings-KnvWL12-28Y,https://images.unsplash.com/photo-1559118053-304b53804834?w=3000&q=85&fm=jpg,"Gary Butterfield",Unsplash License,3000,4000,"sRGB IEC61966-2.1",dc831cf3bcd1115048946814181161773c0dd2b381b0d89cd640b0040fc81551,"Narrow brick lane, blue sky, clean daylight (slightly vivid)"
