file,url,sha256,licence,model_card
blaze_face_short_range.tflite,https://storage.googleapis.com/mediapipe-models/face_detector/blaze_face_short_range/float16/latest/blaze_face_short_range.tflite,b4578f35940bf5a1a655214a1cce5cab13eba73c1297cd78e1a04c2380b0152f,Apache-2.0,https://storage.googleapis.com/mediapipe-assets/MediaPipe%20BlazeFace%20Model%20Card%20(Short%20Range).pdf
blaze_face_full_range.tflite,https://storage.googleapis.com/mediapipe-models/face_detector/blaze_face_full_range/float16/latest/blaze_face_full_range.tflite,3698b18f063835bc609069ef052228fbe86d9c9a6dc8dcb7c7c2d69aed2b181b,Apache-2.0,https://storage.googleapis.com/mediapipe-assets/MediaPipe%20BlazeFace%20Model%20Card%20(Full%20Range).pdf
face_landmarker.task,https://storage.googleapis.com/mediapipe-models/face_landmarker/face_landmarker/float16/latest/face_landmarker.task,64184e229b263107bc2b804c6625db1341ff2bb731874b0bcc2fe6544e0bc9ff,Apache-2.0,https://storage.googleapis.com/mediapipe-assets/Model%20Card%20MediaPipe%20Face%20Mesh%20V2.pdf
selfie_segmenter.tflite,https://storage.googleapis.com/mediapipe-models/image_segmenter/selfie_segmenter/float16/latest/selfie_segmenter.tflite,191ac9529ae506ee0beefa6b2c945a172dab9d07d1e802a290a4e4038226658b,Apache-2.0,https://storage.googleapis.com/mediapipe-assets/Model%20Card%20MediaPipe%20Selfie%20Segmentation.pdf
selfie_segmenter_landscape.tflite,https://storage.googleapis.com/mediapipe-models/image_segmenter/selfie_segmenter_landscape/float16/latest/selfie_segmenter_landscape.tflite,490e9ea734313e0de10fa0cd9e3c6133e36ea4db2b7a49bde9ef019f72796b8e,Apache-2.0,https://storage.googleapis.com/mediapipe-assets/Model%20Card%20MediaPipe%20Selfie%20Segmentation.pdf
selfie_multiclass_256x256.tflite,https://storage.googleapis.com/mediapipe-models/image_segmenter/selfie_multiclass_256x256/float32/latest/selfie_multiclass_256x256.tflite,c6748b1253a99067ef71f7e26ca71096cd449baefa8f101900ea23016507e0e0,Apache-2.0,https://storage.googleapis.com/mediapipe-assets/Model%20Card%20Multiclass%20Segmentation.pdf
hair_segmenter.tflite,https://storage.googleapis.com/mediapipe-models/image_segmenter/hair_segmenter/float32/latest/hair_segmenter.tflite,2628cf3ce5f695f604cbea2841e00befcaa3624bf80caf3664bef2656d59bf84,Apache-2.0,https://storage.googleapis.com/mediapipe-assets/Model%20Card%20-%20Hair%20Segmentation.pdf
deeplab_v3.tflite,https://storage.googleapis.com/mediapipe-models/image_segmenter/deeplab_v3/float32/latest/deeplab_v3.tflite,ff36e24d40547fe9e645e2f4e8745d1876d6e38b332d39a82f0bf0f5d1d561b3,unverified (no model card published),
magic_touch.tflite,https://storage.googleapis.com/mediapipe-models/interactive_segmenter/magic_touch/float32/latest/magic_touch.tflite,e24338a717c1b7ad8d159666677ef400babb7f33b8ad60c4d96db4ecf694cd25,Apache-2.0,https://storage.googleapis.com/mediapipe-assets/Model%20Card%20MagicTouch.pdf
pose_landmarker_lite.task,https://storage.googleapis.com/mediapipe-models/pose_landmarker/pose_landmarker_lite/float16/latest/pose_landmarker_lite.task,59929e1d1ee95287735ddd833b19cf4ac46d29bc7afddbbf6753c459690d574a,Apache-2.0,https://storage.googleapis.com/mediapipe-assets/Model%20Card%20BlazePose%20GHUM%203D.pdf
face_landmarker/face_landmarks_detector.tflite,(extracted from face_landmarker.task),c7d54204ce0448474c7f3fa9af494787c0965cbdd6f20fc72867e43046bd43d5,Apache-2.0,https://storage.googleapis.com/mediapipe-assets/Model%20Card%20MediaPipe%20Face%20Mesh%20V2.pdf
pose_landmarker/pose_detector.tflite,(extracted from pose_landmarker_lite.task),46837eb883e6ec75b52c5f5ff6a9b78bd35e66c13f95e8c3566c582d146cb1d9,Apache-2.0,https://storage.googleapis.com/mediapipe-assets/Model%20Card%20BlazePose%20GHUM%203D.pdf
u2netp.pth,https://drive.google.com/file/d/1rbSTGKAE-MTxBYHd-51l2hMOQPT_7EPy (README of github.com/xuebinqin/U-2-Net @ac7e1c8),e7567cde013fb64813973ce6e1ecc25a80c05c3ca7adbc5a54f3c3d90991b854,Apache-2.0 (repository licence; training data DUTS-TR: counsel),https://github.com/xuebinqin/U-2-Net
selfie_segmenter_builtin.tflite,(derived: scripts/patch_selfie_segmenter.py from selfie_segmenter.tflite; the custom Convolution2DTransposeBias replaced by builtin TRANSPOSE_CONV; max abs difference 1.6e-12),400dd25939e56f7374f2aa2345ddf31ded21f525627cbeb707a4f022ba90ef2d,Apache-2.0 (derived),https://storage.googleapis.com/mediapipe-assets/Model%20Card%20MediaPipe%20Selfie%20Segmentation.pdf
modnet_photographic_512_fp16.tflite,(derived: scripts/convert_modnet.py from https://huggingface.co/Xenova/modnet/resolve/main/onnx/model.onnx sha256 07c308cf0fc7e6e8b2065a12ed7fc07e1de8febb7dc7839d7b7f15dd66584df9; fixed 512x512 input; fp16; max abs difference 0.014),4b57ff612f1a78d331af496f30eca2f10ae64cd47c4e90ed001f65b2a9d8d078,Apache-2.0 (training data undocumented: counsel),https://github.com/ZHKKKe/MODNet
u2netp_320_fp32.tflite,(derived: scripts/convert_u2netp.py from github.com/xuebinqin/U-2-Net ac7e1c8 model/u2net.py sha256 96dd7a19c7de4f13520ccfc1075ded3350ff4946493be3561b9918a46218f415 and README Google Drive u2netp.pth sha256 e7567cde013fb64813973ce6e1ecc25a80c05c3ca7adbc5a54f3c3d90991b854; d0 only; fp32; max abs difference 1.4e-4 on photos; EXPERIMENT not approved for bundling),40655434570d0716e005904f2f833f6a87856ed2ac26a26d529c7234a3fe399e,Apache-2.0 (training data DUTS-TR: no explicit licence; counsel),https://github.com/xuebinqin/U-2-Net
