name,role,source_url,revision,file,bytes,sha256,code_licence,weights_licence,commercial_use,fetched
da2_small,recommended monocular depth (Depth Anything V2 Small),https://huggingface.co/depth-anything/Depth-Anything-V2-Small-hf,5426e4f0f36572d16453bbda7a8389317b1bef99,model.safetensors,99173660,3152477ce0d8d6978d76b995120de97cb5b928701fd0f817769f59e249a16b70,Apache-2.0 (github.com/DepthAnything/Depth-Anything-V2),Apache-2.0 (model card),yes (see training-data note in docs/v1/depth-evaluation.md),yes
apple_coreml_da2_small,Apple's Core ML packaging of the same weights (cross-check),https://huggingface.co/apple/coreml-depth-anything-v2-small,cfef6f6f2a70783dedc0bfae40cecbc2052285d3,DepthAnythingV2SmallF16.mlpackage/Data/com.apple.CoreML/weights/weight.bin,49419072,fa60d9b6a155734f59029ebb882fd54e549bfaee3539c1a9cbd2cbbab64a0fed,Apache-2.0,Apache-2.0 (model card),yes,yes
apple_coreml_da2_small_p8,RECOMMENDED for iOS: Apple Core ML DA-V2 Small 8-bit palettised (518x392),https://huggingface.co/apple/coreml-depth-anything-v2-small,cfef6f6f2a70783dedc0bfae40cecbc2052285d3,DepthAnythingV2SmallF16P8.mlpackage/Data/com.apple.CoreML/weights/weight.bin,24830720,660a57cf7becfeac080a9bb02a263be59fd57b5c4d17ff8912833bc8b6edae04,Apache-2.0,Apache-2.0 (model card),yes,yes
apple_coreml_da2_small_int8,DO NOT USE: Apple Core ML DA-V2 Small INT8 - wrong output on the Neural Engine (macOS 26.5 M4),https://huggingface.co/apple/coreml-depth-anything-v2-small,cfef6f6f2a70783dedc0bfae40cecbc2052285d3,DepthAnythingV2SmallF16INT8.mlpackage/Data/com.apple.CoreML/weights/weight.bin,24967424,a8b775b4f0f1f843d6d7252eb4487ad2ebbcbcf7e35f3ddab3d98f030b9cbeb5,Apache-2.0,Apache-2.0 (model card),yes,yes
da1_small,comparison (Depth Anything V1 Small),https://huggingface.co/LiheYoung/depth-anything-small-hf,25216a913fa218ccb7d58cce818d52b728b6c1f6,model.safetensors,99173660,7997c812d8964a741eec21e6816ec2db1e442b5109ea2e7db26dcb03c9060ef0,Apache-2.0 (github.com/LiheYoung/Depth-Anything),Apache-2.0 (model card),yes,yes
midas31_swin2_tiny,comparison (MiDaS v3.1 DPT SwinV2-Tiny 256),https://huggingface.co/Intel/dpt-swinv2-tiny-256,f7f350e1a10a5ea58671b68ab5f49dc18ec00483,model.safetensors,163760876,b11e8b50dee40e953a1c38c9d9330e3bf5512247389b87b74d0c47c263b64983,MIT (github.com/isl-org/MiDaS),MIT (model card),yes (training mix includes frames from 3D movies),yes
midas21_small,comparison (MiDaS v2.1 small 256 ONNX),https://github.com/isl-org/MiDaS/releases/download/v2_1/model-small.onnx,v2_1,model-small.onnx,66764249,2d8c6cb8f415229daf1eb041024208e2608c9f98e17c81cc7c6ecb449c56fd58,MIT,MIT (repository licence covers released weights),yes (training mix includes frames from 3D movies),yes
dpt_hybrid_midas,not fetched: 123M params / ~490 MB is too large for on-device use,https://huggingface.co/Intel/dpt-hybrid-midas,11eaf7a1cf4bd70740697dbc216f98980c0aeb03,pytorch_model.bin,,,MIT (github.com/isl-org/DPT),Apache-2.0 (model card),yes,no
depth_anything_v2_base_large,not fetched: non-commercial,https://huggingface.co/depth-anything/Depth-Anything-V2-Large,cbbb86a30ce19b5684b7a05155dc7e6cbc7685b9,depth_anything_v2_vitl.pth,,,Apache-2.0,CC-BY-NC-4.0 (Base and Large),no,no
apple_depth_pro,not fetched: research-only weights,https://huggingface.co/apple/DepthPro,ccd1350a774eb2248bcdfb3be430e38f1d3087ef,depth_pro.pt,,,Apple sample-code licence (github.com/apple/ml-depth-pro),Apple Machine Learning Research Model licence (Research Purposes only),no,no
metric3d_v2,not fetched: no weights licence; README directs commercial enquiries to the authors,https://huggingface.co/JUGGHM/Metric3D,80d2d1410afb4b23cd9d18c6be9144483d4b70b6,metric_depth_vit_small_800k.pth,,,BSD-2-Clause (github.com/YvanYin/Metric3D),none stated,unclear -> treat as no,no
distill_any_depth_small,not fetched: MIT-labelled but distilled from teachers incl. Depth Anything V2 Large (CC-BY-NC),https://huggingface.co/xingyang1/Distill-Any-Depth-Small-hf,19549fd5fe035af695a10fdcfea28c29662f3446,model.safetensors,,,MIT,MIT (model card),provenance risk -> no,no
