stem,category,orig_L_mean,orig_L_p5,orig_L_p95,orig_chroma_mean,orig_clip_hi,orig_clip_lo,auto_L_mean,auto_L_p5,auto_L_p95,auto_chroma_mean,auto_clip_hi,auto_clip_lo,guard75_L_mean,guard75_L_p5,guard75_L_p95,guard75_chroma_mean,guard75_clip_hi,guard75_clip_lo,deltaE2000_mean,w0,w1,w2,lut_min,lut_max
a1629,a1629,37.25,22.77,45.42,24.17,0.0,0.0,59.11,31.15,72.23,50.09,0.01,0.73,57.33,35.47,68.2,39.56,0.0,0.0,22.99,1.945,-0.419,-0.899,-0.143,1.348
backlit_01,backlit,51.11,10.96,83.87,22.25,0.01,0.0,49.58,2.06,84.03,23.74,0.0,5.14,52.26,5.18,86.43,23.78,0.0,0.02,4.86,1.447,0.417,-1.292,-0.078,1.006
backlit_02,backlit,39.46,3.3,100.0,14.71,8.92,0.01,42.01,0.0,97.16,20.14,0.0,11.47,43.18,1.39,100.0,18.97,6.93,0.09,6.11,1.545,-0.119,-1.164,-0.043,1.063
backlit_03,backlit,51.34,5.27,97.58,6.45,0.02,0.0,50.92,0.72,95.92,8.1,0.0,2.46,53.16,2.49,99.11,7.99,1.15,0.0,4.43,1.538,-0.153,-1.153,-0.04,1.058
landscape_01,landscape,50.69,10.91,100.0,14.03,20.1,0.0,50.34,2.22,98.2,18.86,0.0,0.02,52.68,6.72,100.0,18.04,13.21,0.0,5.14,1.481,0.241,-1.216,-0.07,1.027
landscape_02,landscape,49.69,17.1,86.99,11.59,0.76,0.0,50.32,4.34,88.6,15.72,0.0,0.07,52.49,12.36,88.78,14.08,0.0,0.0,5.81,1.409,0.783,-1.351,-0.108,1.024
landscape_03,landscape,49.53,3.76,81.58,17.01,0.27,0.1,55.06,0.2,84.65,23.53,0.0,9.07,55.5,1.63,85.77,21.89,0.04,1.09,7.35,1.515,0.068,-1.199,-0.057,1.047
night_01,night,24.07,1.31,71.0,15.44,1.87,0.57,28.33,0.0,80.0,19.85,2.03,13.5,28.34,0.9,77.93,18.75,1.86,0.99,7.16,1.674,-0.584,-0.997,-0.034,1.149
night_02,night,26.19,1.86,63.6,28.69,0.0,0.02,32.74,0.06,74.94,39.26,0.0,8.16,32.3,1.06,73.1,36.67,0.0,0.14,9.02,1.647,-0.644,-0.956,-0.03,1.13
night_03,night,19.25,2.19,64.06,11.63,0.02,1.5,27.31,1.17,80.48,18.96,0.02,7.41,26.7,2.0,77.66,17.13,0.03,1.75,8.65,1.791,-1.707,-0.529,-0.021,1.233
portrait_deep_01,portrait_deep,36.14,2.7,79.26,5.38,0.0,0.02,43.68,0.88,88.92,7.28,0.0,0.6,42.32,1.98,86.75,6.77,0.0,0.04,7.12,1.728,-0.936,-0.915,-0.016,1.186
portrait_deep_02,portrait_deep,38.0,7.96,76.54,9.16,0.11,0.0,44.08,2.01,84.51,14.99,0.0,1.03,43.55,4.45,82.82,13.36,0.0,0.0,9.0,1.588,0.034,-1.263,-0.055,1.096
portrait_deep_03,portrait_deep,9.57,0.57,34.14,6.97,0.03,2.82,17.51,0.0,63.22,12.5,1.98,21.48,17.66,0.76,64.01,11.32,0.6,2.58,8.16,2.137,-2.863,-0.113,-0.046,1.475
portrait_light_01,portrait_light,44.01,12.29,63.85,14.4,0.09,0.0,56.57,8.91,76.97,22.5,0.0,3.2,54.08,11.29,74.04,20.16,0.01,0.02,12.75,1.646,-0.198,-1.21,-0.041,1.131
portrait_light_02,portrait_light,63.19,28.51,92.68,19.33,1.25,0.01,64.77,23.43,91.57,24.72,0.0,1.49,66.87,28.77,93.4,22.72,0.46,0.34,4.62,1.342,0.935,-1.356,-0.116,0.998
portrait_medium_01,portrait_medium,47.14,17.86,83.02,17.29,0.01,0.0,49.98,7.18,84.44,27.35,0.0,1.14,51.42,14.41,84.69,23.67,0.0,0.0,8.02,1.443,0.691,-1.347,-0.102,1.035
portrait_medium_02,portrait_medium,65.28,6.4,97.93,12.49,1.51,0.02,63.53,0.27,89.36,13.65,0.0,5.52,69.1,2.15,97.9,14.0,0.3,0.83,2.86,1.354,0.442,-1.288,-0.071,0.94
sunset_01,sunset,56.38,21.94,85.29,30.0,8.37,0.0,56.04,9.98,80.99,35.8,0.04,1.68,58.51,18.3,83.37,32.73,0.08,0.0,5.47,1.356,0.964,-1.379,-0.119,1.01
sunset_02,sunset,34.92,2.27,78.0,22.17,1.88,1.15,39.76,0.25,78.36,25.55,0.0,9.81,40.5,0.9,81.06,25.4,1.86,2.96,7.61,1.559,-0.313,-1.105,-0.029,1.069
sunset_03,sunset,44.1,12.58,75.52,44.03,4.97,0.0,47.93,4.88,76.72,53.47,2.13,0.9,48.19,9.01,76.89,50.18,2.38,0.0,7.48,1.534,0.281,-1.3,-0.072,1.063
wellexposed_01,wellexposed,31.62,6.39,69.6,11.29,0.03,0.0,40.51,2.08,83.43,17.06,0.65,1.31,39.5,4.57,80.69,15.56,0.31,0.0,10.41,1.726,-0.406,-1.13,-0.04,1.185
wellexposed_02,wellexposed,50.0,7.9,92.35,15.89,0.0,0.0,51.38,1.18,91.45,19.42,0.0,5.69,54.29,4.18,95.27,18.86,0.0,0.04,5.36,1.445,0.144,-1.141,-0.063,1.001
wellexposed_03,wellexposed,46.03,16.73,75.39,16.49,0.08,0.21,52.27,11.09,82.81,20.5,0.19,2.41,52.56,15.33,81.63,18.75,0.15,0.58,7.96,1.551,0.354,-1.278,-0.084,1.079
