step,loss,mse,tv,monotonic,endpoint,warm_hue,psnr_db,elapsed_s
1,0.03744969516992569,0.002848604694008827,0.0011738797184079885,0.0033827207516878843,0.0007688556797802448,0.0004910180578008294,25.453678131103516,1.4
50,0.023360125720500946,0.017873333767056465,0.0011591147631406784,0.0005422831745818257,0.0,0.006384494248777628,17.477943420410156,30.5
100,0.013567289337515831,0.009217238053679466,0.0011589729692786932,0.00032677422859705985,0.0010420434409752488,0.004014970734715462,20.353992462158203,48.1
150,0.02207234315574169,0.01970260590314865,0.0011591563234105706,0.00021628342801705003,0.0001919550122693181,0.0014831628650426865,17.054763793945312,62.3
200,0.03169550001621246,0.030916614457964897,0.0011608826462179422,6.709371518809348e-05,0.0,0.010783221572637558,15.0980806350708,71.6
250,0.015877366065979004,0.013289854861795902,0.0011628485517576337,0.0002578080748207867,0.0,0.0009313304326497018,18.76479721069336,86.3
300,0.01919030398130417,0.018713446334004402,0.0011631891829892993,4.123941107536666e-05,4.266639007255435e-05,0.0021682814694941044,17.27846336364746,103.7
350,0.013998397625982761,0.012063488364219666,0.001165970810689032,4.521227310760878e-05,0.0013900045305490494,0.009266610257327557,19.185272216796875,116.8
400,0.008710660971701145,0.007950815372169018,0.0011672923574224114,7.545134576503187e-05,0.0,0.0005215615383349359,20.99588394165039,127.5
450,0.011997916735708714,0.011383377015590668,0.0011676161084324121,6.115352152846754e-05,0.0,0.00028880202444270253,19.43729019165039,138.6
500,0.006387813948094845,0.004300554748624563,0.0011693475535139441,4.557122883852571e-05,0.0015974482521414757,0.0033981583546847105,23.664756774902344,148.4
550,0.00883703026920557,0.0082601523026824,0.0011719317408278584,5.725445953430608e-05,0.0,0.0004216065281070769,20.83011817932129,170.7
600,0.007639569230377674,0.004545457661151886,0.0011743620270863175,7.730640936642885e-05,0.002273482969030738,0.00474470155313611,23.424224853515625,179.3
650,0.013505450449883938,0.010858558118343353,0.0011782317887991667,7.943827222334221e-05,0.0017847083508968353,0.006768297404050827,19.64227867126465,191.1
700,0.00647298339754343,0.005982382223010063,0.0011802796507254243,4.250716665410437e-05,0.0,0.006541175302118063,22.231258392333984,211.9
750,0.008478734642267227,0.005558714270591736,0.001182991312816739,6.291667523328215e-05,0.0022225237917155027,0.006821236107498407,22.550256729125977,231.5
800,0.006429973989725113,0.005938152316957712,0.0011867266148328781,4.3087311496492475e-05,0.0,0.006082969252020121,22.263486862182617,249.1
850,0.005509302485734224,0.005035680718719959,0.0011882304679602385,3.783513966482133e-05,0.0,0.009515177458524704,22.979419708251953,260.1
900,0.007718782871961594,0.007160098757594824,0.0011920257238671184,4.395879659568891e-05,0.0,0.011897671036422253,21.450809478759766,271.0
950,0.009789531119167805,0.006965439300984144,0.001195544726215303,6.319924432318658e-05,0.002097851363942027,0.009412783198058605,21.570514678955078,282.1
1000,0.008334013633430004,0.007060896139591932,0.001197039382532239,3.510987153276801e-05,0.0008796949405223131,0.004220391623675823,21.511402130126953,294.7
1050,0.016530944034457207,0.015725912526249886,0.0012004837626591325,3.645968536147848e-05,8.865588461048901e-05,0.035165946930646896,18.033842086791992,312.5
1100,0.011212273500859737,0.006768956780433655,0.0012039330322295427,4.63303440483287e-05,0.0038901790976524353,0.008971291594207287,21.694782257080078,321.1
1150,0.01417523343116045,0.013562888838350773,0.0012073644902557135,4.4121319660916924e-05,0.00012475132825784385,0.004625845234841108,18.676477432250977,328.6
1200,0.01028047688305378,0.0034395193215459585,0.001211856142617762,6.36230397503823e-05,0.006082206964492798,0.01223986316472292,24.635021209716797,340.6
1250,0.009717482142150402,0.009074690751731396,0.0012157903984189034,3.8743695768062025e-05,0.0,0.025523243471980095,20.421680450439453,364.1
1300,0.007310008630156517,0.006780875846743584,0.0012163138017058372,4.191482003079727e-05,6.157358438940719e-05,0.004828962031751871,21.687143325805664,393.3
1350,0.005923338234424591,0.005564081948250532,0.0012182432692497969,3.384135925443843e-05,0.0,0.0020720460452139378,22.546064376831055,411.7
1400,0.00353466859087348,0.0029237372800707817,0.0012220885837450624,5.319178671925329e-05,0.0,0.007889125496149063,25.34061622619629,425.7
1450,0.006696019787341356,0.006399670150130987,0.0012230067513883114,2.8369788196869195e-05,0.0,0.001252923277206719,21.93842315673828,436.9
1500,0.009843145497143269,0.009394553489983082,0.0012256241170689464,3.2346088119084015e-05,3.108583405264653e-05,0.009392336010932922,20.271240234375,445.9
1550,0.016401711851358414,0.016044098883867264,0.001229456509463489,3.196953912265599e-05,0.0,0.0037795535754412413,17.94684600830078,490.3
1600,0.019343385472893715,0.013269227929413319,0.001233190530911088,3.607086182455532e-05,0.005564992781728506,0.014833291992545128,18.771543502807617,506.7
1650,0.0026688266079872847,0.0023092066403478384,0.0012362520210444927,2.9637121770065278e-05,0.0,0.006312510464340448,26.365373611450195,518.6
1700,0.002319633262231946,0.0019888714887201786,0.0012403196888044477,3.203275991836563e-05,0.0,0.0010309932986274362,27.013933181762695,530.0
1750,0.013827496208250523,0.01353969145566225,0.0012420134153217077,2.811001832014881e-05,0.0,0.0006581026827916503,18.68391227722168,539.5
1800,0.004457378294318914,0.004061028361320496,0.0012431613868102431,3.682762326207012e-05,0.0,0.0027949523646384478,23.913639068603516,548.8
1850,0.019204236567020416,0.012560556642711163,0.001245601917617023,3.2977506634779274e-05,0.006141655147075653,0.017212513834238052,19.009910583496094,558.7
1900,0.005511869210749865,0.005087597295641899,0.0012495199916884303,4.0009159420151263e-05,0.0,0.002405547769740224,22.934873580932617,568.0
1950,0.008393259719014168,0.00641550263389945,0.0012531087268143892,2.9777454983559437e-05,0.0015556685393676162,0.012418902479112148,21.927692413330078,576.5
2000,0.0023342876229435205,0.002047717571258545,0.0012548431986942887,2.4365257559111342e-05,0.0,0.004279192071408033,26.887300491333008,586.8
